fund_house,scheme_type,scheme_category,scheme_code,scheme_name,cag,risk
DSP Mutual Fund,Open Ended Schemes,Hybrid Scheme - Aggressive Hybrid Fund,100081,DSP Equity & Bond Fund- Regular Plan - Growth,132.88925,367.12003268750004
HDFC Mutual Fund,Open Ended Schemes,Hybrid Scheme - Dynamic Asset Allocation or Balanced Advantage,100119,HDFC Balance Advantage Fund - Growth Option,163.1124772727273,709.6239442040289
Principal Mutual Fund,Open Ended Schemes,Other Scheme - Index Funds,100153,Principal Nifty 100 Equal Weight Fund-Growth,63.60908863636362,55.27710545964358
JM Financial Mutual Fund,Open Ended Schemes,Hybrid Scheme - Aggressive Hybrid Fund,100221,JM Equity Hybrid Fund-Growth,40.80074772727273,16.064563165676653
LIC Mutual Fund,Open Ended Schemes,Hybrid Scheme - Aggressive Hybrid Fund,100323,LIC MF Equity Hybrid Fund-Regular Plan-Growth,91.82745227272727,82.63369387294937
ICICI Prudential Mutual Fund,Open Ended Schemes,Hybrid Scheme - Aggressive Hybrid Fund,100356,ICICI Prudential Equity & Debt Fund - Growth,114.04227272727272,293.0878539256198
Tata Mutual Fund,Open Ended Schemes,Hybrid Scheme - Aggressive Hybrid Fund,100414,Tata Hybrid Equity Fund Regular Plan - Growth,190.03996818181815,361.71028164262384
Franklin Templeton Mutual Fund,Open Ended Schemes,Other Scheme - Index Funds,100484,Franklin India Index Fund- Nifty Plan - Growth,76.31177272727273,124.08381688016526
Franklin Templeton Mutual Fund,Open Ended Schemes,Solution Oriented Scheme - Retirement Fund,100536,Franklin India Pension Plan-Growth,115.0737568181818,150.06230910245353
Franklin Templeton Mutual Fund,Open Ended Schemes,Hybrid Scheme - Aggressive Hybrid Fund,100550,Franklin India Equity Hybrid Fund - Growth Plan,105.62755681818179,144.1381756833626
Canara Robeco Mutual Fund,Open Ended Schemes,Hybrid Scheme - Conservative Hybrid Fund,100601,Canara Robeco Conservative Hybrid Fund - Regular Plan - Growth,51.88146590909093,32.8899934572469
Sundaram Mutual Fund,Open Ended Schemes,Hybrid Scheme - Balanced Hybrid Fund,100617,Sundaram Equity Hybrid Fund Regular Growth,77.56610227272728,124.23565485749482
UTI Mutual Fund,Open Ended Schemes,Hybrid Scheme - Aggressive Hybrid Fund,100684,UTI - Hybrid Equity Fund - Regular Plan - Growth,149.09661136363636,343.50783539418904
UTI Mutual Fund,Open Ended Schemes,Other Scheme - Index Funds,100822,UTI - NIFTY Index Fund- Regular Plan - Growth Option,62.08202727272728,97.01902906880167
Franklin Templeton Mutual Fund,Open Ended Schemes,Hybrid Scheme - Conservative Hybrid Fund,100948,Franklin India Debt Hybrid Fund - Growth,50.87772954545455,25.582874806627057
SBI Mutual Fund,Open Ended Schemes,Hybrid Scheme - Conservative Hybrid Fund,100968,SBI DEBT HYBRID FUND - REGULAR PLAN - GROWTH,36.229988636363636,14.741465781916325
quant Mutual Fund,Open Ended Schemes,Hybrid Scheme - Aggressive Hybrid Fund,101070,Quant Absolute Fund-Growth Option,120.0180840909091,252.35275266815594
quant Mutual Fund,Open Ended Schemes,Hybrid Scheme - Multi Asset Allocation,101072,Quant Multi Asset Fund-GROWTH OPTION,34.04459545454545,13.523767774070246
ICICI Prudential Mutual Fund,Open Ended Schemes,Hybrid Scheme - Multi Asset Allocation,101144,ICICI Prudential Multi-Asset Fund - Growth,228.4712590909091,1238.6989697724173
SBI Mutual Fund,Open Ended Schemes,Solution Oriented Scheme - Children’s Fund,101169,SBI Magnum Children's Benefit Fund - Savings Plan - REGULAR PLAN - GROWTH,48.383961363636374,63.974432478279944
LIC Mutual Fund,Open Ended Schemes,Other Scheme - Index Funds,101199,LIC MF Index Fund-Sensex Plan-Regular Plan-Growth,59.31377727272727,79.34343958766532
LIC Mutual Fund,Open Ended Schemes,Other Scheme - Index Funds,101201,LIC MF Index Fund-Nifty Plan-Regular Plan-Growth,53.28117045454546,58.13240828435433
Principal Mutual Fund,Open Ended Schemes,Hybrid Scheme - Aggressive Hybrid Fund,101265,Principal Hybrid Equity Fund-Growth,64.76772727272727,125.85775847107438
LIC Mutual Fund,Open Ended Schemes,Solution Oriented Scheme - Children’s Fund,101271,LIC MF Children's Gift Fund-Regular Plan-Growth,16.03205,1.669046304318182
Aditya Birla Sun Life Mutual Fund,Open Ended Schemes,Other Scheme - Index Funds,101314,Aditya Birla Sun Life Index Fund - Growth - Regular Plan,94.62277045454545,190.32978995117247
Tata Mutual Fund,Open Ended Schemes,Solution Oriented Scheme - Children’s Fund,101491,Tata Young Citizen -Regular Plan-Growth,23.457411363636364,5.139058592370868
Principal Mutual Fund,Open Ended Schemes,Hybrid Scheme - Equity Savings,101498,Principal Equity Savings Fund - Growth Option,32.6625340909091,10.511597833610535
HDFC Mutual Fund,Open Ended Schemes,Other Scheme - Index Funds,101525,HDFC Index Fund-Nifty 50 Plan-Growth Plan,86.583225,185.224246951875
HDFC Mutual Fund,Open Ended Schemes,Hybrid Scheme - Equity Savings,101585,HDFC Equity Savings Fund -GROWTH,32.15866136363636,17.508561953734507
Franklin Templeton Mutual Fund,Open Ended Schemes,Other Scheme - FoF Domestic,101656,Franklin India Dynamic Asset Allocation Fund of Funds-Growth,72.01791363636363,73.25571329890494
Aditya Birla Sun Life Mutual Fund,Open Ended Schemes,Hybrid Scheme - Conservative Hybrid Fund,101818,Aditya Birla Sun Life Regular Savings Fund - Growth / Payment - Regular Plan,35.383659090909084,16.414132303326443
LIC Mutual Fund,Open Ended Schemes,Hybrid Scheme - Conservative Hybrid Fund,101869,LIC MF Debt Hybrid Fund-Regular Plan-Growth,50.4939340909091,24.390320761337815
Tata Mutual Fund,Open Ended Schemes,Hybrid Scheme - Equity Savings,101906,Tata Equity Savings Fund -Regular Plan-Growth,30.079888636363634,6.030130660552685
Baroda Mutual Fund,Open Ended Schemes,Hybrid Scheme - Aggressive Hybrid Fund,101912,BARODA  HYBRID EQUITY FUND - Plan A - Growth Option,49.54022727272727,33.515184039256205
ICICI Prudential Mutual Fund,Open Ended Schemes,Other Scheme - FoF Domestic,102133,ICICI Prudential Passive Strategy Fund (FOF) - Growth,56.328604545454546,57.716376764979344
ICICI Prudential Mutual Fund,Open Ended Schemes,Other Scheme - FoF Domestic,102135,ICICI Prudential Thematic Advantage Fund (FOF) - Growth,62.68388863636365,68.31780347691632
ICICI Prudential Mutual Fund,Open Ended Schemes,Other Scheme - FoF Domestic,102137,ICICI Prudential Asset Allocator Fund (FOF) - Growth,47.33718181818181,52.190348181487614
ICICI Prudential Mutual Fund,Open Ended Schemes,Other Scheme - FoF Domestic,102139,ICICI Prudential Income Optimizer Fund (FOF) - Growth,31.085697727272727,10.366738130676652
ICICI Prudential Mutual Fund,Open Ended Schemes,Other Scheme - FoF Domestic,102141,ICICI Prudential Debt Management Fund (FOF) - Growth,26.615679545454544,12.216545872536157
HDFC Mutual Fund,Open Ended Schemes,Hybrid Scheme - Conservative Hybrid Fund,102147,HDFC Hybrid Debt Fund - Growth Plan,41.362545454545455,20.012171184297518
Nippon India Mutual Fund,Open Ended Schemes,Hybrid Scheme - Conservative Hybrid Fund,102172,Nippon India Hybrid Bond Fund-Growth Plan,38.49583409090909,13.19159284542872
HSBC Mutual Fund,Open Ended Schemes,Hybrid Scheme - Conservative Hybrid Fund,102262,HSBC Regular Savings Fund - Growth,33.80520227272728,11.084655284767564
UTI Mutual Fund,Open Ended Schemes,Solution Oriented Scheme - Children’s Fund,102267,UTI CCF Investment Plan - Regular Plan - Growth Option,32.06579545454545,23.909872479979335
SBI Mutual Fund,Open Ended Schemes,Other Scheme - Index Funds,102272,SBI NIFTY INDEX FUND - REGULAR PLAN - GROWTH,82.18587727272728,155.395659019938
ICICI Prudential Mutual Fund,Open Ended Schemes,Hybrid Scheme - Conservative Hybrid Fund,102330,ICICI Prudential Regular Savings Fund - Plan - Growth,37.845952272727274,28.03816354885847
Principal Mutual Fund,Open Ended Schemes,Other Scheme - FoF Overseas,102337,Principal Global Opportunities Fund-Growth Option,25.84306590909091,16.200048494065083
DSP Mutual Fund,Open Ended Schemes,Hybrid Scheme - Conservative Hybrid Fund,102448,DSP Regular Savings Fund- Regular Plan - Growth,33.61603636363637,8.928795829586775
UTI Mutual Fund,Open Ended Schemes,Hybrid Scheme - Conservative Hybrid Fund,102535,UTI - Regular Savings Fund - Regular Plan - Growth Option,36.779472727272726,14.853596301983474
Kotak Mahindra Mutual Fund,Open Ended Schemes,Other Scheme - FoF Domestic,102574,Kotak Asset Allocator Fund Growth,72.6230909090909,100.79966858264461
Baroda Mutual Fund,Open Ended Schemes,Hybrid Scheme - Conservative Hybrid Fund,102661,BARODA CONSERVATIVE HYBRID FUND - Plan A - Growth Option,21.97711818181818,6.976043915123967
Nippon India Mutual Fund,Open Ended Schemes,Hybrid Scheme - Balanced Hybrid Fund,102846,Nippon India Balanced Advantage Fund-Growth Plan-Growth Option,78.6953340909091,117.59645249133783
Nippon India Mutual Fund,Open Ended Schemes,Hybrid Scheme - Balanced Hybrid Fund,102847,Nippon India Balanced Advantage Fund-Growth Plan-Bonus Option,78.6953340909091,117.59645249133783
SBI Mutual Fund,Open Ended Schemes,Hybrid Scheme - Aggressive Hybrid Fund,102885,SBI EQUITY HYBRID FUND - REGULAR PLAN -Growth,115.82053863636362,282.30811655555266
HDFC Mutual Fund,Open Ended Schemes,Hybrid Scheme - Aggressive Hybrid Fund,102948,HDFC Hybrid Equity Fund-Growth,48.22620454545454,33.96533443543389
HDFC Mutual Fund,Open Ended Schemes,Hybrid Scheme - Multi Asset Allocation,103131,HDFC Multi-Asset Fund -Growth Option,29.16904318181818,8.669684219726237
Aditya Birla Sun Life Mutual Fund,Open Ended Schemes,Hybrid Scheme - Aggressive Hybrid Fund,103155,Aditya Birla Sun Life Equity Hybrid'95 Fund - Regular Plan-Growth,664.4568181818181,6967.767267148762
SBI Mutual Fund,Open Ended Schemes,Hybrid Scheme - Multi Asset Allocation,103408,SBI MULTI ASSET ALLOCATION FUND - REGULAR PLAN - GROWTH,24.698090909090908,8.16248381128099
JM Financial Mutual Fund,Open Ended Schemes,Hybrid Scheme - Arbitrage Fund,103780,JM ARBITRAGE FUND-Growth,22.557904545454544,4.201766993161157
UTI Mutual Fund,Open Ended Schemes,Hybrid Scheme - Arbitrage Fund,104075,UTI Arbitrage Fund - Regular Plan - Growth Option,22.986970454545453,5.239209006627067
ICICI Prudential Mutual Fund,Open Ended Schemes,Hybrid Scheme - Arbitrage Fund,104683,ICICI Prudential Equity Arbitrage Fund - Growth,22.55599318181818,5.015099666089877
ICICI Prudential Mutual Fund,Open Ended Schemes,Hybrid Scheme - Dynamic Asset Allocation or Balanced Advantage,104685,ICICI Prudential Balanced Advantage Fund - Growth,31.045909090909085,17.489792355371904
Nippon India Mutual Fund,Interval Fund Schemes,Income,105229,Nippon India Interval Fund-Monthly Interval Fund-Series-I- Growth Option,22.48591590909091,5.994965516792356
Nippon India Mutual Fund,Interval Fund Schemes,Income,105400,Nippon India Interval Fund-Monthly Interval Fund-Series-II -Growth Option,22.473627272727274,5.82207435607438
Nippon India Mutual Fund,Interval Fund Schemes,Income,105433,Nippon India Interval Fund-Quarterly Interval Fund-Series-I - Growth Option,22.962500000000002,6.372790209090911
Invesco Mutual Fund,Open Ended Schemes,Hybrid Scheme - Arbitrage Fund,105603,Invesco India Arbitrage Fund - Growth Option,20.88626818181818,4.138414598078511
Nippon India Mutual Fund,Interval Fund Schemes,Income,105661,Nippon India Interval Fund Annual Interval Fund Series-I-Retail Plan Growth Option,23.149759090909086,7.559634498326447
Nippon India Mutual Fund,Interval Fund Schemes,Income,105663,Nippon India Interval Fund Annual Interval Fund Series-I- Growth Option,17.166427272727272,4.15676720607438
Nippon India Mutual Fund,Interval Fund Schemes,Income,105689,Nippon India Interval Fund-Quarterly Interval Fund Series-II-Growth Option,23.263288636363637,7.531467573279958
Nippon India Mutual Fund,Interval Fund Schemes,Income,105882,Nippon India Interval Fund-Quarterly Interval Fund-Series-III-Institutional Plan-Growth Option,17.920295454545457,0.0005487786157025023
Nippon India Mutual Fund,Interval Fund Schemes,Income,105884,Nippon India Interval Fund-Quarterly Interval Fund-Series-III- Growth Option,22.895956818181816,6.401782207908056
Kotak Mahindra Mutual Fund,Open Ended Schemes,Hybrid Scheme - Arbitrage Fund,105968,Kotak Equity Arbitrage Fund - Growth,24.357302272727267,6.040291672040288
UTI Mutual Fund,IL&FS Mutual Fund,IDF,106060,UTI Fixed  Income Interval Fund ( Quarterly Interval Plan - I) - Regular Plan - Growth Option,22.87925681818182,5.983390177453514
UTI Mutual Fund,IL&FS Mutual Fund,IDF,106145,UTI - Fixed Income Interval Fund - Monthly Interval Plan  - Regular Plan - Growth Option,22.42355227272727,5.323252257040289
Canara Robeco Mutual Fund,Open Ended Schemes,Hybrid Scheme - Aggressive Hybrid Fund,106166,Canara Robeco Equity Hybrid Fund - Regular Plan - Growth,136.7856818181818,420.0341245351241
UTI Mutual Fund,IL&FS Mutual Fund,IDF,106183,UTI Fixed Income Interval Fund - Annual Interval Plan Series - I - Regular Plan - Growth Option,22.953670454545453,5.2944320675361585
UTI Mutual Fund,IL&FS Mutual Fund,IDF,106185,UTI Fixed Income Interval Fund - Annual Interval Plan Series - I ( Instn Growth Option ),23.61116136363636,5.929369636461777
Invesco Mutual Fund,Open Ended Schemes,Hybrid Scheme - Dynamic Asset Allocation or Balanced Advantage,106317,Invesco India Dynamic Equity Fund - Growth,25.51,11.361809090909087
UTI Mutual Fund,IL&FS Mutual Fund,IDF,106338,UTI F I I F-Annual Interval Plan Series - II - Regular Plan - Growth Option,23.070804545454543,6.536603663161158
UTI Mutual Fund,IL&FS Mutual Fund,IDF,106366,UTI Fixed  Income Interval Fund ( Quarterly Interval Plan - III) -Regular Plan - Growth Option,22.615468181818184,6.303086688078512
Sundaram Mutual Fund,Open Ended Schemes,Other Scheme - FoF Overseas,106370,Sundaram Global Brand Fund Growth,15.550527906976741,4.14296098433748
Aditya Birla Sun Life Mutual Fund,Close Ended Schemes,Income,106412,Aditya Birla Sun Life Interval Income Fund - Quarterly Series 1 - Growth - Regular Plan,22.010168181818184,5.611440033533058
Kotak Mahindra Mutual Fund,Open Ended Schemes,Other Scheme - FoF Overseas,106441,Kotak Global Emerging Market Fund - Growth,14.904909090909086,3.103834946280993
DSP Mutual Fund,Open Ended Schemes,Other Scheme - FoF Overseas,106597,DSP World Gold Fund - Regular Plan - Growth,12.406054545454548,9.105428445661156
UTI Mutual Fund,IL&FS Mutual Fund,IDF,106707,UTI Fixed Interval Income Fund (Annual Interval Fund)  Series III - Regular Plan - Growth Option,22.574368181818183,6.045970971714877
UTI Mutual Fund,IL&FS Mutual Fund,IDF,106709,UTI Fixed Interval Income Fund (Annual Interval Fund)  Series III - Instn Growth Option,23.207254545454546,6.66431619338843
HDFC Mutual Fund,Open Ended Schemes,Hybrid Scheme - Arbitrage Fund,106793,HDFC Arbitrage Fund Wholesale Plan Growth Option,20.353272727272724,3.7761655165289265
HDFC Mutual Fund,Open Ended Schemes,Hybrid Scheme - Arbitrage Fund,106796,HDFC Arbitrage Fund Retail Plan Growth Option,19.952295454545457,3.461011162706612
UTI Mutual Fund,IL&FS Mutual Fund,IDF,107071,UTI Fixed Interval Income Fund (Annual Interval Plan) Series IV - Regular Plan - Growth Option,22.10742727272727,6.31437014698347
UTI Mutual Fund,IL&FS Mutual Fund,IDF,107088,UTI Fixed  Income Interval Fund ( Half Yearly Plan - I) - Regular Plan - Growth Option,21.79030909090909,5.217915981280993
UTI Mutual Fund,IL&FS Mutual Fund,IDF,107193,UTI Fixed Income Interval Fund - Monthly Interval Plan II-Regular Plan - Growth Option,21.521625,4.945667420511364
UTI Mutual Fund,IL&FS Mutual Fund,IDF,107228,UTI Fixed Income Interval Fund ( Half Yearly Plan-II)- Regular Plan - Growth Option,21.512845454545456,5.355937903842975
HSBC Mutual Fund,Open Ended Schemes,Other Scheme - FoF Overseas,107988,HSBC Global Emerging Markets Fund - Growth,12.824811627906977,3.6357626642833965
IDFC Mutual Fund,Open Ended Schemes,Other Scheme - FoF Domestic,108545,IDFC   All Seasons Bond Fund-Regular Plan-Growth,26.472993181818186,11.532854810635332
IDFC Mutual Fund,Open Ended Schemes,Hybrid Scheme - Arbitrage Fund,108845,IDFC  Arbitrage Fund-Regular Plan- Growth,21.52108181818182,4.4528710492148775
IDFC Mutual Fund,Open Ended Schemes,Hybrid Scheme - Equity Savings,108995,IDFC Equity Savings Fund-Regular Plan-Growth,18.517213636363635,1.9995935284504127
UTI Mutual Fund,IL&FS Mutual Fund,IDF,109465,UTI F I I F Series II -Quarterly Interval Plan - IV -Regular Plan - Growth Option,20.718259090909093,4.668937642871902
UTI Mutual Fund,IL&FS Mutual Fund,IDF,109617,UTI F I I F Series II -Quarterly Interval Plan - V - Regular Plan - Growth Option,20.593261363636366,5.065469306007232
UTI Mutual Fund,IL&FS Mutual Fund,IDF,110024,UTI F I I F Series II -Quarterly Interval Plan - VI-Regular Plan - Growth Option,20.705547727272727,5.228702110676653
UTI Mutual Fund,IL&FS Mutual Fund,IDF,110468,UTI F I I F Series II -Quarterly Interval Plan - VII - Regular Plan - Growth Option,20.605093181818177,4.595818733362603
UTI Mutual Fund,Open Ended Schemes,Hybrid Scheme - Multi Asset Allocation,111599,UTI - Multi Asset Fund - Regular Plan - Growth Option,31.12737045454546,8.362722015717978
Edelweiss Mutual Fund,Open Ended Schemes,Hybrid Scheme - Aggressive Hybrid Fund,112012,Edelweiss Aggressive Hybrid Fund- Plan B-Growth Option,22.061818181818182,6.645755785123967
Quantum Mutual Fund,Open Ended Schemes,Other Scheme - FoF Domestic,112039,Quantum Equity Fund of Funds - Direct Plan Growth Option,30.341227272727266,21.00373090289256
Aditya Birla Sun Life Mutual Fund,Open Ended Schemes,Hybrid Scheme - Arbitrage Fund,112088,Aditya BIRLA SUN LIFE ARBITRAGE FUND - REGULAR PLAN - GROWTH,17.523290909090914,2.9722475617355375
Edelweiss Mutual Fund,Open Ended Schemes,Hybrid Scheme - Aggressive Hybrid Fund,112108,Edelweiss Aggressive Hybrid Fund - Regular Plan - Growth Option,22.358636363636364,6.804711776859505
Edelweiss Mutual Fund,Open Ended Schemes,Hybrid Scheme - Dynamic Asset Allocation or Balanced Advantage,112117,Edelweiss Balanced Advantage Fund - Regular Plan - Growth Option,21.19522727272727,6.086170402892563
DSP Mutual Fund,Open Ended Schemes,Other Scheme - FoF Overseas,112126,DSP World Energy Fund - Regular Plan - Growth,12.48398181818182,1.231228209214876
DSP Mutual Fund,Open Ended Schemes,Other Scheme - FoF Overseas,112293,DSP World Mining Fund - Regular Plan - Growth,7.431820454545456,2.057114811627066
IDFC Mutual Fund,Open Ended Schemes,Other Scheme - FoF Domestic,112327,IDFC  Asset Allocation Fund Of Fund-Conservative Plan-Regular Plan-Growth,19.218120454545453,4.639820928899793
IDFC Mutual Fund,Open Ended Schemes,Other Scheme - FoF Domestic,112329,IDFC  Asset Allocation Fund Of Fund-Moderate Plan-Regular Plan-Growth,20.31065227272728,4.625830061585743
IDFC Mutual Fund,Open Ended Schemes,Other Scheme - FoF Domestic,112332,IDFC  Asset Allocation Fund Of Fund-Aggressive Plan-Regular Plan-Growth,20.615274999999997,4.785343065965909
IDFC Mutual Fund,Open Ended Schemes,Hybrid Scheme - Conservative Hybrid Fund,112353,IDFC Regular Savings Fund -Regular Plan-Growth,19.65004318181818,4.333592852453512
L&T Mutual Fund,Open Ended Schemes,Hybrid Scheme - Conservative Hybrid Fund,112487,L&T Conservative Hybrid Fund- Regular Plan - Growth,31.989347727272726,10.268094465676656
Sundaram Mutual Fund,Open Ended Schemes,Hybrid Scheme - Conservative Hybrid Fund,112868,Sundaram Debt Oriented Hybrid Fund- GROWTH,17.733461363636362,2.7144885019163216
IDFC Mutual Fund,Open Ended Schemes,Other Scheme - Index Funds,112877,IDFC Nifty Fund-Regular Plan-Growth,19.69035,9.660162684318182
Axis Mutual Fund,Open Ended Schemes,Hybrid Scheme - Conservative Hybrid Fund,112924,Axis Regular Saver Fund - Regular Plan - Growth Option,17.678627272727272,2.5849846883471077
Nippon India Mutual Fund,Open Ended Schemes,Hybrid Scheme - Aggressive Hybrid Fund,112936,Nippon India Equity Hybrid Fund - Growth Plan,46.806445454545454,44.568850162933884
Taurus Mutual Fund,Open Ended Schemes,Other Scheme - Index Funds,112948,Taurus Nifty Index Fund - Regular Plan - Growth Option,17.953156818181814,6.87380740972624
ICICI Prudential Mutual Fund,Open Ended Schemes,Other Scheme - Index Funds,112957,ICICI Prudential Nifty Next 50 Index Fund - Growth,21.64690681818182,13.045892616089878
IDBI Mutual Fund,Open Ended Schemes,Other Scheme - Index Funds,113063,IDBI NIFTY Index Fund Growth,17.896356818181815,6.218296172453512
Axis Mutual Fund,Open Ended Schemes,Hybrid Scheme - Multi Asset Allocation,113064,Axis Triple Advantage Fund - Regular Plan - Growth Option,17.53241363636364,3.993619082541322
Essel Mutual Fund,Open Ended Schemes,Hybrid Scheme - Conservative Hybrid Fund,113142,Essel Regular Savings Fund-Growth,17.441454545454544,2.6916950033884297
IDBI Mutual Fund,Open Ended Schemes,Other Scheme - Index Funds,113249,IDBI Nifty Junior Index Fund Growth,18.65050454545454,8.61956808088843
Nippon India Mutual Fund,Open Ended Schemes,Other Scheme - Index Funds,113269,Nippon India Index Fund - Sensex Plan - Growth Plan - Growth Option,15.662931818181818,5.9309853280785125
Nippon India Mutual Fund,Open Ended Schemes,Other Scheme - Index Funds,113270,Nippon India Index Fund - Sensex Plan - Growth Plan - Bonus Option,15.662904545454547,5.931004579070248
Nippon India Mutual Fund,Open Ended Schemes,Other Scheme - Index Funds,113296,Nippon India Index Fund - Nifty Plan - Growth Plan - Growth Option,16.097579545454543,5.588366384808885
Nippon India Mutual Fund,Open Ended Schemes,Other Scheme - Index Funds,113297,Nippon India Index Fund - Nifty Plan - Growth Plan - Bonus Option,16.097579545454543,5.588366384808885
Nippon India Mutual Fund,Open Ended Schemes,Hybrid Scheme - Arbitrage Fund,113345,Nippon India Arbitrage Fund - Growth Plan - Growth Option,17.457434090909093,3.154451945883265
BNP Paribas Mutual Fund,Open Ended Schemes,Hybrid Scheme - Conservative Hybrid Fund,113560,BNP PARIBAS Conservative Hybrid Fund-Regular Plan-Growth Option,25.96022045454545,8.118743428899792
Principal Mutual Fund,Open Ended Schemes,Hybrid Scheme - Dynamic Asset Allocation or Balanced Advantage,114301,Principal Balanced Advantage Fund - Growth Option,18.805227272727272,2.89060222107438
Nippon India Mutual Fund,Open Ended Schemes,Other Scheme - FoF Domestic,114616,Nippon India Gold Savings Fund-Growth plan- Growth Option,13.776922727272726,6.526214252665287
Kotak Mahindra Mutual Fund,Open Ended Schemes,Other Scheme - FoF Domestic,114758,Kotak Gold Fund Growth,13.668997727272727,7.274076423403926
Essel Mutual Fund,Open Ended Schemes,Hybrid Scheme - Multi Asset Allocation,114855,Essel 3 in 1 Fund-Growth,16.33163409090909,2.0103817349741733
Kotak Mahindra Mutual Fund,Open Ended Schemes,Hybrid Scheme - Conservative Hybrid Fund,114859,Kotak Debt Hybrid - Growth,28.30449545454545,11.746767733615702
IDBI Mutual Fund,Open Ended Schemes,Hybrid Scheme - Equity Savings,114982,IDBI Equity Savings Fund Growth Option,15.515272727272729,0.9245425715289257
HSBC Mutual Fund,Open Ended Schemes,Other Scheme - FoF Overseas,115116,HSBC Brazil Fund-Growth,6.994363157894736,2.181162130221607
Quantum Mutual Fund,Open Ended Schemes,Other Scheme - FoF Domestic,115132,Quantum Gold Savings Fund - Direct Plan Growth Option,13.455104545454544,6.437027203161159
SBI Mutual Fund,Open Ended Schemes,Other Scheme - FoF Domestic,115676,SBI GOLD FUND REGULAR PLAN - GROWTH,10.373963636363637,4.117794277314049
ICICI Prudential Mutual Fund,Open Ended Schemes,Other Scheme - FoF Domestic,115833,ICICI Prudential Regular Gold Savings Fund (FOF) - Growth,11.098888636363634,4.437269295098141
DSP Mutual Fund,Open Ended Schemes,Other Scheme - FoF Overseas,115882,DSP World Agriculture Fund - Regular Plan - Growth,15.514524999999997,1.581641703238637
L&T Mutual Fund,Open Ended Schemes,Hybrid Scheme - Equity Savings,115887,L&T Equity Savings Fund - Regular Plan - Growth,16.108,1.7959394545454546
Axis Mutual Fund,Open Ended Schemes,Other Scheme - FoF Domestic,115897,Axis Gold Fund - Regular Plan - Growth Option,10.383938636363638,3.8903051382799587
HDFC Mutual Fund,Open Ended Schemes,Other Scheme - FoF Domestic,115934,HDFC Gold Fund -Growth Option,10.68889318181818,4.192173991998967
Tata Mutual Fund,Open Ended Schemes,Solution Oriented Scheme - Retirement Fund,115942,Tata Retirement Savings Fund -Regular Plan -Progressive -Growth,24.55382727272728,21.836940837438018
Tata Mutual Fund,Open Ended Schemes,Solution Oriented Scheme - Retirement Fund,115943,Tata Retirement Savings Fund Moderate -Regular Plan (Growth),25.71162045454546,18.713147630717973
Tata Mutual Fund,Open Ended Schemes,Solution Oriented Scheme - Retirement Fund,115944,Tata Retirement Savings Fund Regular Plan-Conservative Plan (Growth),17.93346590909091,5.073041390883265
Invesco Mutual Fund,Open Ended Schemes,Other Scheme - FoF Domestic,116077,Invesco India Gold Fund - Growth,10.046747727272727,3.819972476585744
Franklin Templeton Mutual Fund,Open Ended Schemes,Other Scheme - FoF Overseas,116633,Franklin India Feeder - Franklin U.S. Opportunities Fund - Growth,26.441059090909096,49.477142688780994
Aditya Birla Sun Life Mutual Fund,Open Ended Schemes,Other Scheme - FoF Domestic,116796,Aditya Birla Sun Life Gold Fund-Growth,10.476572727272726,4.225385070165288
Quantum Mutual Fund,Open Ended Schemes,Other Scheme - FoF Domestic,117608,Quantum Multi Asset Fund of Funds - Direct Plan Growth Option,16.48586363636364,4.353908908677686
DSP Mutual Fund,Open Ended Schemes,Other Scheme - FoF Overseas,117691,DSP US Flexible Equity Fund - Regular Plan - Growth Option,21.672938095238095,17.222461233310657
L&T Mutual Fund,Open Ended Schemes,Hybrid Scheme - Aggressive Hybrid Fund,118191,L&T Hybrid Equity Fund- Regular Plan - Growth,23.202022727272723,8.966889522210744
L&T Mutual Fund,Open Ended Schemes,Hybrid Scheme - Dynamic Asset Allocation or Balanced Advantage,118194,L&T Balanced Advantage Fund-Regular Plan-Growth,22.14684090909091,4.262596406508265
Canara Robeco Mutual Fund,Open Ended Schemes,Hybrid Scheme - Aggressive Hybrid Fund,118272,Canara Robeco Equity Hybrid Fund - Direct Plan - Growth,141.74,567.9008636363636
Canara Robeco Mutual Fund,Open Ended Schemes,Hybrid Scheme - Conservative Hybrid Fund,118309,Canara Robeco Conservative Hybrid Fund-Direct Plan - Growth Option,54.58979318181819,49.2139080892717
IDBI Mutual Fund,Open Ended Schemes,Other Scheme - Index Funds,118347,IDBI NIFTY Index Fund Growth Direct,18.60223636363636,8.268354091404959
IDBI Mutual Fund,Open Ended Schemes,Other Scheme - Index Funds,118348,IDBI Nifty Junior Index Fund Growth Direct,19.43571590909091,10.883060244974175
IDFC Mutual Fund,Open Ended Schemes,Other Scheme - FoF Domestic,118410,IDFC   All Seasons Bond Fund-Direct Plan-Growth,27.06274545454546,13.40509479429752
IDBI Mutual Fund,Open Ended Schemes,Hybrid Scheme - Equity Savings,118452,IDBI Equity Savings Fund Growth Option Direct,16.11346590909091,1.7327277404287182
IDFC Mutual Fund,Open Ended Schemes,Hybrid Scheme - Arbitrage Fund,118474,IDFC  Arbitrage Fund-Direct Plan- Growth,22.109793181818187,5.7926571324535105
IDFC Mutual Fund,Open Ended Schemes,Hybrid Scheme - Equity Savings,118477,IDFC Equity Savings Fund-Direct Plan-Growth,19.073797727272726,2.9654254524948347
IDFC Mutual Fund,Open Ended Schemes,Other Scheme - Index Funds,118482,IDFC Nifty Fund-Direct Plan-Growth,19.771181818181816,9.918034381942148
IDFC Mutual Fund,Open Ended Schemes,Other Scheme - FoF Domestic,118485,IDFC  Asset Allocation Fund Of Fund-Aggressive Plan-Direct Plan-Growth,21.050952272727276,5.731708548403926
IDFC Mutual Fund,Open Ended Schemes,Other Scheme - FoF Domestic,118486,IDFC  Asset Allocation Fund Of Fund-Conservative Plan-Direct Plan-Growth,19.644409090909086,5.7957645476446285
IDFC Mutual Fund,Open Ended Schemes,Other Scheme - FoF Domestic,118489,IDFC  Asset Allocation Fund Of Fund-Moderate Plan-Dierct Plan-Growth,20.726620454545454,5.639648112536158
IDFC Mutual Fund,Open Ended Schemes,Hybrid Scheme - Conservative Hybrid Fund,118491,IDFC Regular Savings Fund -Direct Plan-Growth,20.536184090909092,6.028211746792355
Franklin Templeton Mutual Fund,Open Ended Schemes,Other Scheme - FoF Domestic,118512,Franklin INDIA LIFE STAGE FUND OF FUNDS - THE 20S PLAN - Direct - Growth,73.99781590909092,83.66573113042872
Franklin Templeton Mutual Fund,Open Ended Schemes,Other Scheme - FoF Domestic,118514,Franklin India Life Stage Fund of Funds - The 30s Plan - Direct - Growth,53.82659999999999,41.87994075181819
Franklin Templeton Mutual Fund,Open Ended Schemes,Other Scheme - FoF Domestic,118516,Franklin India Life Stage Fund of Funds - The 40s Plan - Direct - Growth,43.53926363636364,26.942706696404958
Franklin Templeton Mutual Fund,Open Ended Schemes,Other Scheme - FoF Domestic,118518,Franklin India Life Stage Fund of Funds - The 50s Plus - Direct - Growth,32.37930227272728,15.609101078403926
Franklin Templeton Mutual Fund,Open Ended Schemes,Other Scheme - FoF Domestic,118519,Franklin India Life Stage Fund Of Funds - The 50S Plus Floating Rate Plan - Direct - Growth,34.70059090909091,17.06346369446281
Franklin Templeton Mutual Fund,Open Ended Schemes,Other Scheme - FoF Domestic,118543,Franklin India Dynamic Asset Allocation Fund Of Funds - Direct - Growth,75.53976818181819,98.85475825898762
Franklin Templeton Mutual Fund,Open Ended Schemes,Hybrid Scheme - Aggressive Hybrid Fund,118546,Franklin India Equity Hybrid Fund - Direct - Growth,111.17616363636363,215.46286122458676
Franklin Templeton Mutual Fund,Open Ended Schemes,Solution Oriented Scheme - Retirement Fund,118548,Franklin India  PENSION PLAN - Direct - Growth,119.08766818181817,198.198546347624
Franklin Templeton Mutual Fund,Open Ended Schemes,Other Scheme - FoF Overseas,118551,Franklin India Feeder - Franklin US Opportunities Fund - Direct - Growth,27.862572727272724,61.464410342892556
Franklin Templeton Mutual Fund,Open Ended Schemes,Hybrid Scheme - Conservative Hybrid Fund,118574,Franklin India Debt Hybrid Fund - Direct - GROWTH,52.80121590909091,34.81401770315599
Franklin Templeton Mutual Fund,Open Ended Schemes,Other Scheme - Index Funds,118581,Franklin India INDEX FUND NIFTY PLAN - Direct - Growth,77.74021363636363,138.88551193526862
Nippon India Mutual Fund,Interval Fund Schemes,Income,118583,Nippon India Quarterly Interval Fund - Series III - Direct Plan Growth Plan - Growth,13.969402272727272,2.5088034947675624
Nippon India Mutual Fund,Open Ended Schemes,Hybrid Scheme - Arbitrage Fund,118585,Nippon India Arbitrage Fund - Direct Plan Growth Plan - Growth Option,17.909679545454548,4.039466441172521
Nippon India Mutual Fund,Interval Fund Schemes,Income,118595,Nippon India Monthly Interval Fund - Series II - Direct Plan Growth Plan - Growth,22.627325,6.287786554602274
Nippon India Mutual Fund,Interval Fund Schemes,Income,118598,Nippon India Monthly Interval Fund - Series I - Direct Plan Growth Plan - Growth,22.568243181818183,6.225112934726241
Edelweiss Mutual Fund,Open Ended Schemes,Hybrid Scheme - Dynamic Asset Allocation or Balanced Advantage,118615,Edelweiss Balanced Advantage Fund -Direct Plan-Growth Option,21.924545454545456,8.453456611570248
Nippon India Mutual Fund,Interval Fund Schemes,Income,118623,Nippon India Interval Fund - Quarterly Plan - Series I - Direct Plan Growth Plan - Growth,23.081534090909088,6.698941692701447
Edelweiss Mutual Fund,Open Ended Schemes,Hybrid Scheme - Aggressive Hybrid Fund,118624,Edelweiss Aggressive Hybrid Fund-Direct Plan-Growth Option,22.907954545454544,8.517543543388431
Nippon India Mutual Fund,Open Ended Schemes,Other Scheme - FoF Domestic,118663,Nippon India Gold Savings Fund - Direct Plan Growth Plan - Growth Option,14.077,7.342166117272726
Nippon India Mutual Fund,Interval Fund Schemes,Income,118691,Nippon India Quarterly Interval Fund - Series II - Direct Plan Growth Plan - Growth,23.395081818181822,7.921132689214873
Nippon India Mutual Fund,Open Ended Schemes,Hybrid Scheme - Conservative Hybrid Fund,118726,Nippon India Hybrid Bond Fund - Direct Plan Growth Plan - Growth Option,40.16658636363636,17.81647724390496
Nippon India Mutual Fund,Open Ended Schemes,Hybrid Scheme - Balanced Hybrid Fund,118736,Nippon India Balanced Advantage Fund - Direct Plan Growth Plan - Growth Option,81.35929545454546,148.0339228486157
Nippon India Mutual Fund,Open Ended Schemes,Other Scheme - Index Funds,118741,Nippon India Index Fund - Nifty Plan - Direct Plan Growth Plan - Growth Option,16.500075000000002,6.589691316420455
Nippon India Mutual Fund,Open Ended Schemes,Other Scheme - Index Funds,118742,Nippon India Index Fund - Nifty Plan - Direct Plan Growth Plan - Bonus Option,16.500075000000002,6.589691316420455
Nippon India Mutual Fund,Open Ended Schemes,Other Scheme - Index Funds,118785,Nippon India Index Fund - Sensex Plan - Direct Plan Growth Plan - Bonus Option,16.028440909090907,6.934982641508265
Nippon India Mutual Fund,Open Ended Schemes,Other Scheme - Index Funds,118791,Nippon India Index Fund - Sensex Plan - Direct Plan Growth Plan - Growth Option,16.028429545454543,6.934938006627067
Nippon India Mutual Fund,Open Ended Schemes,Hybrid Scheme - Aggressive Hybrid Fund,118794,Nippon India Equity Hybrid Fund  - Direct Plan Growth Plan,49.32212954545455,58.3430672348089
Nippon India Mutual Fund,Interval Fund Schemes,Income,118804,Nippon India Annual Interval Fund - Series I - Direct Plan Growth Plan - Growth,17.240745454545458,4.320495154752066
Taurus Mutual Fund,Open Ended Schemes,Other Scheme - Index Funds,118881,Taurus Nifty Index Fund-Direct Plan-Growth Option,18.632304545454545,8.551565882252067
HDFC Mutual Fund,Open Ended Schemes,Hybrid Scheme - Arbitrage Fund,118931,HDFC Arbitrage Fund -Direct Plan - Growth Option,20.417545454545458,4.492645066115703
HDFC Mutual Fund,Open Ended Schemes,Hybrid Scheme - Dynamic Asset Allocation or Balanced Advantage,118968,HDFC Balance Advantage Fund -Direct Plan - Growth Option,167.93202272727274,836.0441377494834
DSP Mutual Fund,Open Ended Schemes,Hybrid Scheme - Conservative Hybrid Fund,118994,DSP Regular Savings Fund - Direct Plan - Growth,34.937920454545456,13.077766230263428
DSP Mutual Fund,Open Ended Schemes,Hybrid Scheme - Aggressive Hybrid Fund,119019,DSP Equity & Bond Fund - Direct Plan - Growth,138.36072727272725,484.3075626983471
Tata Mutual Fund,Open Ended Schemes,Hybrid Scheme - Aggressive Hybrid Fund,119053,Tata Hybrid Equity Fund -Direct Plan- Growth,197.3610295454545,501.0925652993543
HDFC Mutual Fund,Open Ended Schemes,Hybrid Scheme - Aggressive Hybrid Fund,119062,HDFC Hybrid Equity -Direct Plan - Growth Option,49.72256818181818,40.29135342716942
HDFC Mutual Fund,Open Ended Schemes,Hybrid Scheme - Conservative Hybrid Fund,119118,HDFC Hybrid Debt Fund -Direct Plan - Growth Option,42.40204772727273,24.412032913403934
HDFC Mutual Fund,Open Ended Schemes,Hybrid Scheme - Equity Savings,119128,HDFC Equity Savings Fund -Direct Plan - Growth Option,33.49867272727273,24.705103885165286
HDFC Mutual Fund,Open Ended Schemes,Hybrid Scheme - Multi Asset Allocation,119131,HDFC Multi Asset Fund - Growth Option - Direct Plan,30.044670454545454,10.884182700717977
Essel Mutual Fund,Open Ended Schemes,Hybrid Scheme - Conservative Hybrid Fund,119156,Essel Regular Savings Fund-Direct Plan-Growth Option,18.734931818181817,5.145093688987604
Essel Mutual Fund,Open Ended Schemes,Hybrid Scheme - Multi Asset Allocation,119176,Essel 3 in 1 Fund-Direct Plan-Growth Option,17.294447727272726,3.3802808870402883
Tata Mutual Fund,Open Ended Schemes,Solution Oriented Scheme - Retirement Fund,119251,Tata Retirement Savings Fund-Direct Plan Growth,26.652081818181827,31.046955669669412
DSP Mutual Fund,Open Ended Schemes,Other Scheme - FoF Overseas,119252,DSP US Flexible Equity Fund - Direct Plan - Growth,22.413376190476193,20.696953427052158
Tata Mutual Fund,Open Ended Schemes,Solution Oriented Scheme - Retirement Fund,119255,Tata Retirement Savings Fund Moderate -Direct Plan Growth,27.566231818181823,26.13893793626033
Tata Mutual Fund,Open Ended Schemes,Solution Oriented Scheme - Retirement Fund,119256,Tata Retirement Savings Fund Conservative-Direct Plan Growth,19.14109318181818,8.035026919271694
DSP Mutual Fund,Open Ended Schemes,Other Scheme - FoF Overseas,119271,DSP World Agriculture Fund - Direct Plan - Growth,15.769411363636364,1.815020163734504
DSP Mutual Fund,Open Ended Schemes,Other Scheme - FoF Overseas,119275,DSP World Energy Fund - Direct Plan - Growth,12.637815909090909,1.2613539722469007
DSP Mutual Fund,Open Ended Schemes,Other Scheme - FoF Overseas,119277,DSP World Gold Fund - Direct Plan - Growth,12.687604545454546,10.031082350433884
DSP Mutual Fund,Open Ended Schemes,Other Scheme - FoF Overseas,119279,DSP World Mining Fund - Direct Plan - Growth,7.639386363636363,2.3444440957231403
L&T Mutual Fund,Open Ended Schemes,Hybrid Scheme - Dynamic Asset Allocation or Balanced Advantage,119298,L&T Balanced Advantage Fund-Direct Plan-Growth,23.285613636363635,6.752629827995866
Tata Mutual Fund,Open Ended Schemes,Solution Oriented Scheme - Children’s Fund,119312,Tata Young Citizens' Fund-Direct Plan-Growth,24.670638636363638,7.199959270098143
Baroda Mutual Fund,Open Ended Schemes,Hybrid Scheme - Aggressive Hybrid Fund,119326,BARODA HYBRID EQUITY FUND - Plan B (Direct) - Growth Option,52.351590909090916,47.79407701446281
L&T Mutual Fund,Open Ended Schemes,Hybrid Scheme - Aggressive Hybrid Fund,119347,L&T Hybrid Equity Fund - Direct Plan-Growth,24.38581818181818,12.085136103305786
Baroda Mutual Fund,Open Ended Schemes,Hybrid Scheme - Conservative Hybrid Fund,119389,BARODA CONSERVATIVE HYBRID FUND - Plan B (Direct) - Growth Option,22.934325,9.488780067784091
Principal Mutual Fund,Open Ended Schemes,Other Scheme - FoF Overseas,119457,Principal Global Opportunities Fund-Direct Plan - Growth Option,26.385409090909093,18.11771847855372
Principal Mutual Fund,Open Ended Schemes,Hybrid Scheme - Equity Savings,119472,Principal Equity Savings Fund - Direct Plan - Growth Option,34.04943409090908,15.230209982246901
Principal Mutual Fund,Open Ended Schemes,Hybrid Scheme - Dynamic Asset Allocation or Balanced Advantage,119482,Principal Balanced Advantage Fund - Direct Plan - Growth Option,19.766590909090908,4.707408832644627
Principal Mutual Fund,Open Ended Schemes,Hybrid Scheme - Aggressive Hybrid Fund,119484,Principal Hybrid Equity Fund- Direct Plan - Growth Option,67.94340909090909,162.40569519628104
Principal Mutual Fund,Open Ended Schemes,Other Scheme - Index Funds,119488,Principal Nifty 100 Equal Weight Fund - Direct Plan - Growth Option,65.07284318181819,62.58360593836258
Aditya Birla Sun Life Mutual Fund,Open Ended Schemes,Hybrid Scheme - Arbitrage Fund,119526,Aditya Birla Sun Life Arbitrage Fund - Growth - Direct Plan,17.98291818181818,3.811770791942149
Aditya Birla Sun Life Mutual Fund,Close Ended Schemes,Income,119535,Aditya Birla Sun Life Interval Income Fund - Quarterly Series I - Growth - Direct Plan,22.073611363636363,5.9339063691890495
Sundaram Mutual Fund,Open Ended Schemes,Hybrid Scheme - Balanced Hybrid Fund,119542,Sundaram Equity Hybrid Fund Direct Growth,80.31784999999999,162.55708191386364
Sundaram Mutual Fund,Open Ended Schemes,Other Scheme - FoF Overseas,119602,Sundaram Global Brand Fund - Direct Plan - Growth Option,15.97496046511628,5.0125423507625735
SBI Mutual Fund,Open Ended Schemes,Hybrid Scheme - Aggressive Hybrid Fund,119609,SBI EQUITY HYBRID FUND - DIRECT PLAN - Growth,121.06882045454545,375.8899333834452
Sundaram Mutual Fund,Open Ended Schemes,Hybrid Scheme - Conservative Hybrid Fund,119635,Sundaram Debt Oriented Hybrid Fund Direct Plan - Growth Option,18.23718181818182,3.729698733305786
Aditya Birla Sun Life Mutual Fund,Open Ended Schemes,Other Scheme - Index Funds,119648,Aditya Birla Sun Life Index Fund - Growth - Direct Plan,94.85520454545454,199.31231687588843
SBI Mutual Fund,Open Ended Schemes,Solution Oriented Scheme - Children’s Fund,119719,SBI Magnum Children's Benefit Fund - Savings Plan - DIRECT PLAN - GROWTH,50.54820909090909,80.36857079719007
Kotak Mahindra Mutual Fund,Open Ended Schemes,Hybrid Scheme - Arbitrage Fund,119771,Kotak Equity Arbitrage Fund - Growth - Direct,24.969788636363635,7.412759398279959
Kotak Mahindra Mutual Fund,Open Ended Schemes,Other Scheme - FoF Domestic,119777,Kotak Asset Allocator Fund Direct Growth - Direct,74.07172727272727,123.3591895165289
Kotak Mahindra Mutual Fund,Open Ended Schemes,Other Scheme - FoF Overseas,119779,Kotak Global Emerging Market Fund - Growth - Direct,15.452295454545458,3.979922662706612
Kotak Mahindra Mutual Fund,Open Ended Schemes,Other Scheme - FoF Domestic,119781,Kotak Gold Fund Growth - Direct,13.989181818181821,8.19777138603306
SBI Mutual Fund,Open Ended Schemes,Other Scheme - FoF Domestic,119788,SBI GOLD FUND- DIRECT PLAN - GROWTH,10.594075000000002,4.593721775056818
L&T Mutual Fund,Open Ended Schemes,Hybrid Scheme - Equity Savings,119802,L&T Equity Savings Fund - Direct Plan-Growth,16.724818181818186,2.4928811942148767
SBI Mutual Fund,Open Ended Schemes,Other Scheme - Index Funds,119827,SBI NIFTY INDEX FUND - DIRECT PLAN - GROWTH,83.94288863636365,175.2161040187345
SBI Mutual Fund,Open Ended Schemes,Hybrid Scheme - Conservative Hybrid Fund,119839,SBI DEBT HYBRID FUND - DIRECT PLAN - GROWTH,37.784997727272724,20.551449522040294
SBI Mutual Fund,Open Ended Schemes,Hybrid Scheme - Multi Asset Allocation,119843,SBI MULTI ASSET ALLOCATION FUND - DIRECT PLAN - GROWTH,25.65230681818182,11.427476712908058
L&T Mutual Fund,Open Ended Schemes,Hybrid Scheme - Conservative Hybrid Fund,119852,L&T Conservative Hybrid Fund -Direct Plan- Growth,33.117563636363634,13.60819462958678
Tata Mutual Fund,Open Ended Schemes,Hybrid Scheme - Equity Savings,119960,Tata Equity Savings Fund- Direct Plan- Growth,31.554661363636363,9.560544194643597
HSBC Mutual Fund,Open Ended Schemes,Other Scheme - FoF Overseas,120035,HSBC Brazil Fund - Growth Direct,7.252284210526315,2.470700625540166
HSBC Mutual Fund,Open Ended Schemes,Other Scheme - FoF Overseas,120043,HSBC Global Emerging Market Fund - Growth Direct,13.30569069767442,4.42962542828556
HSBC Mutual Fund,Open Ended Schemes,Hybrid Scheme - Conservative Hybrid Fund,120073,HSBC Regular Savings Fund-Growth Direct,34.80328636363636,14.634896562541321
BNP Paribas Mutual Fund,Open Ended Schemes,Hybrid Scheme - Conservative Hybrid Fund,120082,BNP Paribas Conservative Hybrid Fund - Direct Plan - Growth Option,27.937849999999994,16.05443229659091
Kotak Mahindra Mutual Fund,Open Ended Schemes,Hybrid Scheme - Conservative Hybrid Fund,120154,Kotak Debt Hybrid - Growth - Direct,29.73612045454545,17.551928149808887
ICICI Prudential Mutual Fund,Open Ended Schemes,Other Scheme - FoF Domestic,120242,ICICI Prudential Passive Strategy Fund (FOF) - Direct Plan - Growth,57.56999318181818,64.29638026063532
ICICI Prudential Mutual Fund,Open Ended Schemes,Hybrid Scheme - Aggressive Hybrid Fund,120251,ICICI Prudential Equity & Debt Fund - Direct Plan - Growth,120.25431818181819,400.1672790805785
LIC Mutual Fund,Open Ended Schemes,Hybrid Scheme - Aggressive Hybrid Fund,120261,LIC MF Equity Hybrid Fund-Direct Plan-Growth,95.71807727272726,119.53499415448346
LIC Mutual Fund,Open Ended Schemes,Hybrid Scheme - Conservative Hybrid Fund,120276,LIC MF Debt Hybrid Fund-Direct Plan-Growth,52.30052272727273,34.396863148119834
LIC Mutual Fund,Open Ended Schemes,Solution Oriented Scheme - Children’s Fund,120285,LIC MF Children's Gift Fund-Direct Plan-Growth,16.777968181818185,2.3959596617148757
LIC Mutual Fund,Open Ended Schemes,Other Scheme - Index Funds,120307,LIC MF Index Fund-Nifty Plan-Direct Plan-Growth,54.66429318181818,67.10200926154441
LIC Mutual Fund,Open Ended Schemes,Other Scheme - Index Funds,120308,LIC MF Index Fund-Sensex Plan-Direct Plan-Growth,60.889950000000006,91.66595689340909
ICICI Prudential Mutual Fund,Open Ended Schemes,Other Scheme - FoF Domestic,120313,ICICI Prudential Income Optimizer Fund (FOF) - Direct Plan - Growth,31.9264590909091,12.591434991508265
Invesco Mutual Fund,Open Ended Schemes,Hybrid Scheme - Dynamic Asset Allocation or Balanced Advantage,120333,Invesco India Dynamic Equity Fund - Direct Plan - Growth,27.368409090909086,17.39359974173554
ICICI Prudential Mutual Fund,Open Ended Schemes,Hybrid Scheme - Multi Asset Allocation,120334,ICICI Prudential Multi-Asset Fund - Direct Plan - Growth,238.0149613636364,1561.6801566082797
ICICI Prudential Mutual Fund,Open Ended Schemes,Hybrid Scheme - Arbitrage Fund,120364,ICICI Prudential Equity Arbitrage Fund - Direct Plan - Growth,23.17752727272727,6.418278425619834
ICICI Prudential Mutual Fund,Open Ended Schemes,Hybrid Scheme - Dynamic Asset Allocation or Balanced Advantage,120377,ICICI Prudential Balanced Advantage Fund - Direct Plan -  Growth,32.81636363636364,24.949873140495868
Invesco Mutual Fund,Open Ended Schemes,Hybrid Scheme - Arbitrage Fund,120401,Invesco India Arbitrage Fund - Direct Plan - Growth Option,21.515193181818184,5.319422110180785
Axis Mutual Fund,Open Ended Schemes,Other Scheme - FoF Domestic,120473,Axis Gold Fund - Direct Plan - Growth option,11.011886363636362,4.811090372541322
Axis Mutual Fund,Open Ended Schemes,Hybrid Scheme - Conservative Hybrid Fund,120480,Axis Regular Saver Fund- Direct Plan - Growth Option,18.873963636363637,4.3498096318595065
JM Financial Mutual Fund,Open Ended Schemes,Hybrid Scheme - Arbitrage Fund,120482,JM Arbitrage Fund (Direct) - Growth Option,23.11364090909091,5.1353840928719015
JM Financial Mutual Fund,Open Ended Schemes,Hybrid Scheme - Aggressive Hybrid Fund,120484,JM Equity Hybrid Fund (Direct) - Growth Option,42.937990909090914,19.622540717190088
Aditya Birla Sun Life Mutual Fund,Open Ended Schemes,Hybrid Scheme - Aggressive Hybrid Fund,120517,Aditya Birla Sun Life Equity Hybrid'95 Fund - Direct Plan-Growth,698.0570454545455,9403.355670816112
Axis Mutual Fund,Open Ended Schemes,Hybrid Scheme - Multi Asset Allocation,120524,Axis Triple Advantage Fund - Direct Plan - Growth Option,18.48938409090909,5.913527872246902
Invesco Mutual Fund,Open Ended Schemes,Other Scheme - FoF Domestic,120531,Invesco India Gold Fund - Direct Plan- - Growth,10.184352272727274,4.135436837040289
Aditya Birla Sun Life Mutual Fund,Open Ended Schemes,Other Scheme - FoF Domestic,120546,Aditya Birla Sun Life Gold Fund - Growth - Direct Plan,10.614961363636363,4.545859116461776
ICICI Prudential Mutual Fund,Open Ended Schemes,Hybrid Scheme - Conservative Hybrid Fund,120616,ICICI Prudential Regular Savings Fund - Direct Plan - Growth,39.32619772727273,35.802557547949384
UTI Mutual Fund,Open Ended Schemes,Hybrid Scheme - Aggressive Hybrid Fund,120674,UTI - Hybrid Equity Fund -Direct Plan - Growth,152.53620909090907,401.1437676090083
ICICI Prudential Mutual Fund,Open Ended Schemes,Other Scheme - FoF Domestic,120679,ICICI Prudential Asset Allocator Fund (FOF) - Direct Plan - Growth,48.539797727272735,59.3040982211312
ICICI Prudential Mutual Fund,Open Ended Schemes,Other Scheme - Index Funds,120684,ICICI Prudential Nifty Next 50 Index Fund - Direct Plan -  Growth,22.14105454545454,14.390065352933886
ICICI Prudential Mutual Fund,Open Ended Schemes,Other Scheme - FoF Domestic,120685,ICICI Prudential Regular Gold Savings Fund (FOF) - Direct Plan -  Growth,11.245943181818184,4.762780295180786
ICICI Prudential Mutual Fund,Open Ended Schemes,Other Scheme - FoF Domestic,120700,ICICI Prudential Thematic Advantage Fund (FOF) - Direct Plan - Growth,63.81806428571429,69.10644016848639
ICICI Prudential Mutual Fund,Open Ended Schemes,Other Scheme - FoF Domestic,120702,ICICI Prudential Debt Management Fund (FOF) - Direct Plan - Growth,27.037338636363643,14.281768869643598
Aditya Birla Sun Life Mutual Fund,Open Ended Schemes,Hybrid Scheme - Conservative Hybrid Fund,120705,Aditya Birla Sun Life Regular Savings Fund - Growth / Payment - Direct Plan,36.91489090909091,22.783295079462814
UTI Mutual Fund,Open Ended Schemes,Other Scheme - Index Funds,120716,UTI - NIFTY Index Fund-Growth Option- Direct,62.51914318181819,99.7756557924535
UTI Mutual Fund,Open Ended Schemes,Solution Oriented Scheme - Children’s Fund,120724,UTI CCF Investment Plan - Direct Plan - Growth Option,33.07900000000001,28.61593141772727
UTI Mutual Fund,Open Ended Schemes,Hybrid Scheme - Multi Asset Allocation,120760,UTI - Multi Asset Fund- Direct Plan - Growth Option,32.259325,11.409002975965908
UTI Mutual Fund,Open Ended Schemes,Hybrid Scheme - Conservative Hybrid Fund,120779,UTI - Regular Savings Fund - Direct Plan - Growth Option,37.967586363636364,19.102707478450412
UTI Mutual Fund,Open Ended Schemes,Hybrid Scheme - Arbitrage Fund,120795,UTI Arbitrage Fund - Direct Plan - Growth Option,23.504431818181818,6.430269040805784
Nippon India Mutual Fund,Interval Fund Schemes,Income,120798,Nippon India Yearly Interval Fund - Series 1 - Growth Plan - Growth Option,14.788277272727273,3.227164229938016
Nippon India Mutual Fund,Interval Fund Schemes,Income,120799,Nippon India Yearly Interval Fund - Series 1 - Direct Plan - Growth Plan - Growth Option,14.846484090909092,3.3400008408832638
quant Mutual Fund,Open Ended Schemes,Hybrid Scheme - Aggressive Hybrid Fund,120819,Quant Absolute Fund-Growth Option-Direct Plan,121.30328409090907,281.1340767627014
quant Mutual Fund,Open Ended Schemes,Hybrid Scheme - Multi Asset Allocation,120821,Quant Multi Asset Fund-GROWTH OPTION-Direct Plan,34.00170227272727,13.230916627040289
UTI Mutual Fund,IL&FS Mutual Fund,IDF,120877,UTI F I I F Series II -Quarterly Interval Plan - VII - Direct Plan - Growth Option,20.81213181818182,4.989758170805786
UTI Mutual Fund,IL&FS Mutual Fund,IDF,120903,UTI Fixed Income Interval Fund - Monthly Interval Plan II-Direct Plan - Growth Option,21.737634090909086,5.3722811167923545
UTI Mutual Fund,IL&FS Mutual Fund,IDF,120970,UTI - Fixed Income Interval Fund - Monthly Interval Plan  - Direct Plan - Growth Option,22.646774999999998,5.782948761420453
IDFC Mutual Fund,Interval Fund Schemes,Income,120984,IDFC YS Interval Fund - Series II-Regular Plan-Growth,14.805379545454544,3.2750536361725207
IDFC Mutual Fund,Interval Fund Schemes,Income,120986,IDFC YS Interval Fund - Series II-Direct Plan-Growth,14.918377272727275,3.4236822867561996
UTI Mutual Fund,IL&FS Mutual Fund,IDF,121034,UTI F I I F Series II -Quarterly Interval Plan - IV -Direct Plan - Growth Option,20.924225,5.067942466420454
UTI Mutual Fund,IL&FS Mutual Fund,IDF,121182,UTI F I I F Series II -Quarterly Interval Plan - V - Direct Plan - Growth Option,20.797211363636364,5.482937559643596
UTI Mutual Fund,IL&FS Mutual Fund,IDF,121413,UTI Fixed  Income Interval Fund ( Quarterly Interval Plan - III) - Direct Plan - Growth Option,22.837913636363634,6.816927471632232
UTI Mutual Fund,IL&FS Mutual Fund,IDF,121722,UTI F I I F Series II -Quarterly Interval Plan - VI-Direct Plan - Growth Option,20.907690909090913,5.6561128417355375
UTI Mutual Fund,IL&FS Mutual Fund,IDF,122165,UTI Fixed  Income Interval Fund ( Quarterly Interval Plan - I) -Direct Plan - Growth Option,23.09956136363636,6.481980584643594
UTI Mutual Fund,IL&FS Mutual Fund,IDF,122642,UTI Fixed  Income Interval Fund ( Half Yearly Plan - I) - Direct Plan - Growth Option,21.992715909090908,5.653687224519627
Axis Mutual Fund,Close Ended Schemes,Income,122950,Axis Hybrid Fund - Series 5 (1346 Days) - Regular Plan - Growth,12.90555,0.35086787568181815
Axis Mutual Fund,Close Ended Schemes,Income,122951,Axis Hybrid Fund - Series 5 (1346 Days) - Direct Plan - Growth,13.452502272727271,0.6078700624948347
Axis Mutual Fund,Close Ended Schemes,Income,123063,Axis Hybrid Fund Series 6 (1324 Days) - Regular - Growth,13.236670454545452,0.444584527536157
Axis Mutual Fund,Close Ended Schemes,Income,123065,Axis Hybrid Fund Series 6 (1324 Days) - Direct - Growth,13.794586363636364,0.7607252061776861
HDFC Mutual Fund,Close Ended Schemes,Income,123401,HDFC FMP 1846D August 2013 (1)-Regular Option-Growth Option,14.596918181818184,3.0050773978512395
HDFC Mutual Fund,Close Ended Schemes,Income,123402,HDFC FMP 1846D August 2013 (1)-Direct Option-Growth Option,14.793427272727275,3.357225430165288
UTI Mutual Fund,IL&FS Mutual Fund,IDF,123646,UTI Fixed Income Interval Fund - Annual Interval Plan Series - I - Direct Plan - Growth Option,23.06360681818182,5.533627584271695
ICICI Prudential Mutual Fund,Open Ended Schemes,Other Scheme - FoF Overseas,123651,ICICI Prudential Global Stable Equity Fund (FOF) - Growth,13.894651162790696,2.4198806922660894
ICICI Prudential Mutual Fund,Open Ended Schemes,Other Scheme - FoF Overseas,123654,ICICI Prudential Global Stable Equity Fund (FOF) - Direct - Growth,14.375116279069767,3.1770156841535964
Axis Mutual Fund,Close Ended Schemes,Income,123978,Axis Hybrid Fund - Series 7 (1305 Days) - Regular Plan - Growth,13.207338636363637,0.47399202918904954
UTI Mutual Fund,IL&FS Mutual Fund,IDF,124596,UTI F I I F-Annual Interval Plan Series - II - Direct Plan - Growth Option,23.21288863636364,6.8373580032799595
UTI Mutual Fund,IL&FS Mutual Fund,IDF,125077,UTI Fixed Interval Income Fund (Annual Interval Fund)  Series III - Direct Plan - Growth Option,22.6825,6.302540302272728
Shriram Mutual Fund,Open Ended Schemes,Hybrid Scheme - Aggressive Hybrid Fund,125711,Shriram Hybrid Equity Fund- Direct Growth,15.301777272727271,3.5722061044834716
Shriram Mutual Fund,Open Ended Schemes,Hybrid Scheme - Aggressive Hybrid Fund,125713,Shriram Hybrid Equity Fund- Growth,14.883377272727271,2.758723848119835
UTI Mutual Fund,IL&FS Mutual Fund,IDF,125953,UTI Fixed Income Interval Fund ( Half Yearly Plan-II)- Direct Plan - Growth Option,21.688950000000002,5.781143299772726
UTI Mutual Fund,IL&FS Mutual Fund,IDF,126031,UTI Fixed Interval Income Fund (Annual Interval Plan) Series IV - Direct Plan - Growth Option,22.232097727272727,6.572445120676654
Invesco Mutual Fund,Open Ended Schemes,Other Scheme - FoF Overseas,126351,Invesco India Feeder - Invesco Pan European Equity Fund - Regular Plan - Growth Option,10.06053409090909,0.8859212836105373
Invesco Mutual Fund,Open Ended Schemes,Other Scheme - FoF Overseas,126353,Invesco India Feeder - Invesco Pan European Equity Fund - Direct Plan - Growth Option,10.494056818181816,1.118886286089876
DSP Mutual Fund,Open Ended Schemes,Hybrid Scheme - Dynamic Asset Allocation or Balanced Advantage,126393,DSP Dynamic Asset Allocation Fund - Direct Plan - Growth,14.245354545454546,3.581694267479338
DSP Mutual Fund,Open Ended Schemes,Hybrid Scheme - Dynamic Asset Allocation or Balanced Advantage,126394,DSP Dynamic Asset Allocation Fund - Regular Plan - Growth,13.714875,2.4774500550568175
HSBC Mutual Fund,Open Ended Schemes,Other Scheme - FoF Overseas,127071,HSBC Asia Pacific (Ex Japan) Dividend Yield Fund - Growth Direct,12.899020454545456,4.883858020717974
HSBC Mutual Fund,Open Ended Schemes,Other Scheme - FoF Overseas,127073,HSBC Asia Pacific (Ex Japan) Dividend Yield Fund - Growth,12.544822727272729,4.06719260266529
BOI AXA Mutual Fund,Open Ended Schemes,Hybrid Scheme - Dynamic Asset Allocation or Balanced Advantage,127849,BOIAXAEQUITY DEBT REBALANCER FUND REGULAR PLAN  GROWTH,13.753161363636366,1.0306637505526863
BOI AXA Mutual Fund,Open Ended Schemes,Hybrid Scheme - Dynamic Asset Allocation or Balanced Advantage,127850,BOIAXAEQUITY DEBT REBALANCER FUND DIRECT PLAN  GROWTH,14.004518181818183,1.2795762919421483
HDFC Mutual Fund,Close Ended Schemes,Income,128542,HDFC FMP 3360D March 2014 (1)-Regular Option-Growth Option,12.813081818181816,3.442420588305785
HDFC Mutual Fund,Close Ended Schemes,Income,128544,HDFC FMP 3360D March 2014 (1)-Direct Option-Growth Option,12.86266363636364,3.5488242418595046
HDFC Mutual Fund,Open Ended Schemes,Hybrid Scheme - Arbitrage Fund,129052,HDFC Arbitrage Fund Wholesale Plan Growth Option Direct Plan,12.880045454545455,1.789656270661157
HSBC Mutual Fund,Open Ended Schemes,Other Scheme - FoF Domestic,129065,HSBC Managed Solutions - Growth - Growth,15.547720454545448,4.833203098445248
Invesco Mutual Fund,Open Ended Schemes,Other Scheme - FoF Overseas,129187,Invesco India Feeder - Invesco Global Equity Income Fund - Regular Plan - Growth,11.670918181818182,1.3543635496694213
Invesco Mutual Fund,Open Ended Schemes,Other Scheme - FoF Overseas,129188,Invesco India Feeder - Invesco Global Equity Income Fund - Direct Plan - Growth,12.206904545454545,2.006246427706612
HSBC Mutual Fund,Open Ended Schemes,Other Scheme - FoF Domestic,129191,HSBC Managed Solutions - Moderate - Growth,14.98623181818182,3.9033533048966933
HSBC Mutual Fund,Open Ended Schemes,Other Scheme - FoF Domestic,129193,HSBC Managed Solutions - Moderate - Growth Direct,15.136852272727275,4.2153513538584715
HSBC Mutual Fund,Open Ended Schemes,Other Scheme - FoF Domestic,129195,HSBC Managed Solutions - Conservative - Growth,13.515270454545453,1.860281098899793
HSBC Mutual Fund,Open Ended Schemes,Other Scheme - FoF Domestic,129197,HSBC Managed Solutions - Conservative - Growth Direct,13.654459090909093,2.106888527417355
HSBC Mutual Fund,Open Ended Schemes,Other Scheme - FoF Domestic,129199,HSBC Managed Solutions - Growth - Dividend,15.547720454545448,4.833203098445248
HSBC Mutual Fund,Open Ended Schemes,Other Scheme - FoF Domestic,129200,HSBC Managed Solutions - Growth - Growth Direct,15.70655,5.171957777954545
HSBC Mutual Fund,Open Ended Schemes,Other Scheme - FoF Domestic,129201,HSBC Managed Solutions - Growth - Dividend Direct,15.70655,5.171957777954545
Franklin Templeton Mutual Fund,Open Ended Schemes,Other Scheme - FoF Overseas,129438,Franklin India Feeder - Franklin European Growth Fund - Growth,9.143354545454548,0.6594086352066117
Franklin Templeton Mutual Fund,Open Ended Schemes,Other Scheme - FoF Overseas,129439,Franklin India Feeder - Franklin European Growth Fund - Dividend,9.143354545454548,0.6594086352066117
Franklin Templeton Mutual Fund,Open Ended Schemes,Other Scheme - FoF Overseas,129440,Franklin India Feeder - Franklin European Growth Fund - Direct - Growth,9.57065,0.7973652288636365
Franklin Templeton Mutual Fund,Open Ended Schemes,Other Scheme - FoF Overseas,129441,Franklin India Feeder - Franklin European Growth Fund - Direct - Dividend,9.57065,0.7973652288636365
Edelweiss Mutual Fund,Open Ended Schemes,Hybrid Scheme - Arbitrage Fund,130205,Edelweiss Arbitrage Fund- Regular Plan- Growth Option,12.672438636363637,1.649993640552686
Edelweiss Mutual Fund,Open Ended Schemes,Hybrid Scheme - Arbitrage Fund,130206,Edelweiss Arbitrage Fund- Direct Plan- Growth Option,12.91193409090909,2.0937100977014467
L&T Mutual Fund,Open Ended Schemes,Hybrid Scheme - Arbitrage Fund,130446,L&T Arbitrage Opportunities Fund - Regular Plan - Growth,12.540795454545457,1.562336117252066
L&T Mutual Fund,Open Ended Schemes,Hybrid Scheme - Arbitrage Fund,130450,L&T Arbitrage Opportunities Fund - Direct Plan - Growth,12.809840909090907,1.966473497417355
DSP Mutual Fund,Open Ended Schemes,Other Scheme - FoF Overseas,130492,DSP Global Allocation Fund - Regular Plan - Growth,11.630418181818182,1.4737007528512394
DSP Mutual Fund,Open Ended Schemes,Other Scheme - FoF Overseas,130493,DSP Global Allocation Fund - Direct Plan - Growth,11.791313636363638,1.7062099334504126
HDFC Mutual Fund,Open Ended Schemes,Other Scheme - FoF Domestic,130533,HDFC Dynamic PE Ratio Fund of Funds - Regular Growth,16.369911363636362,4.5791640869163235
HDFC Mutual Fund,Open Ended Schemes,Other Scheme - FoF Domestic,130543,HDFC Dynamic PE Ratio Fund of Funds - Direct Growth,17.035113636363636,5.938944182541321
Axis Mutual Fund,Open Ended Schemes,Hybrid Scheme - Arbitrage Fund,130771,Axis Arbitrage Fund - Regular Plan - Growth,12.369931818181822,1.4757255071694217
Axis Mutual Fund,Open Ended Schemes,Hybrid Scheme - Arbitrage Fund,130773,Axis Arbitrage Fund - Direct Plan - Growth,12.721947727272726,2.010011067494835
UTI Mutual Fund,Close Ended Schemes,Growth,131018,UTI Focussed Equity Fund Series - 1 (2195 Days) - Regular Plan - Growth Option,12.234144186046512,2.3790039722336402
UTI Mutual Fund,Close Ended Schemes,Growth,131019,UTI Focussed Equity Fund Series - 1 (2195 Days) - Direct Plan - Growth Option,12.824906976744183,3.1876271201838837
IDFC Mutual Fund,Open Ended Schemes,Hybrid Scheme - Dynamic Asset Allocation or Balanced Advantage,131355,IDFC DEF_Direct Plan_Growth,12.597240909090909,2.4576355692355367
IDFC Mutual Fund,Open Ended Schemes,Hybrid Scheme - Dynamic Asset Allocation or Balanced Advantage,131357,IDFC DEF_Regular Plan_Growth,12.069645454545453,1.5671085106611573
Kotak Mahindra Mutual Fund,Open Ended Schemes,Hybrid Scheme - Equity Savings,131372,Kotak Equity Savings Fund - Regular - Growth,12.698297727272728,2.195866351131198
Kotak Mahindra Mutual Fund,Open Ended Schemes,Hybrid Scheme - Equity Savings,131373,Kotak Equity Savings Fund - Direct - Growth,12.987388636363637,2.774240455552686
DSP Mutual Fund,Close Ended Schemes,Growth,131482,DSP 3 Years Close Ended Equity Fund - Regular Plan - Growth (Maturity Date 4-Jan-2021),13.277522727272725,4.661632704028926
DSP Mutual Fund,Close Ended Schemes,Growth,131484,DSP 3 Years Close Ended Equity Fund - Direct Plan - Growth (Maturity Date 4-Jan-2021),13.46443181818182,5.181407018078513
Aditya Birla Sun Life Mutual Fund,Open Ended Schemes,Hybrid Scheme - Dynamic Asset Allocation or Balanced Advantage,131666,Aditya Birla Sun Life Balanced Advantage Fund - Regular Plan - Growth Option,46.461136363636356,42.81741916322314
Aditya Birla Sun Life Mutual Fund,Open Ended Schemes,Hybrid Scheme - Dynamic Asset Allocation or Balanced Advantage,131670,Aditya Birla Sun Life Balanced Advantage Fund - Direct Plan - Growth Option,48.45068181818181,55.72686998966944
Aditya Birla Sun Life Mutual Fund,Open Ended Schemes,Other Scheme - FoF Domestic,131864,Aditya Birla Sun Life Asset Allocator Multi Manager FoF Scheme - Regular Plan - Growth Option,25.759945454545456,11.256351937479339
Aditya Birla Sun Life Mutual Fund,Open Ended Schemes,Other Scheme - FoF Domestic,131865,Aditya Birla Sun Life Asset Allocator Multi Manager FoF Scheme - Direct Plan - Growth Option,12.90672954545455,2.923476266172521
Aditya Birla Sun Life Mutual Fund,Open Ended Schemes,Other Scheme - FoF Domestic,131896,Aditya Birla Sun Life Active Debt Multi Manager FoF Scheme - Regular Plan - Growth Option,22.95326590909091,7.543401963610536
Aditya Birla Sun Life Mutual Fund,Open Ended Schemes,Other Scheme - FoF Domestic,131898,Aditya Birla Sun Life Active Debt Multi Manager FoF Scheme - Direct Plan - Growth Option,23.479038636363637,9.056738738734504
Aditya Birla Sun Life Mutual Fund,Open Ended Schemes,Other Scheme - FoF Overseas,132005,Aditya Birla Sun Life Global Real Estate Fund - Retail Plan - Regular Plan - Growth Option,18.03771818181818,1.475818950578512
Aditya Birla Sun Life Mutual Fund,Open Ended Schemes,Other Scheme - FoF Overseas,132009,Aditya Birla Sun Life Global Real Estate Fund - Retail Plan - Direct Plan - Growth Option,18.44345227272727,1.734741462494834
Aditya Birla Sun Life Mutual Fund,Open Ended Schemes,Other Scheme - FoF Overseas,132138,Aditya Birla SUn Life Global Emerging Opportunities Fund - Regular Plan - Growth Option,12.356540909090908,2.2034357805991736
Aditya Birla Sun Life Mutual Fund,Open Ended Schemes,Other Scheme - FoF Overseas,132140,Aditya Birla Sun Life Global Emerging Opportunities Fund - Direct plan - Growth Option,12.514,2.3621334913636365
Aditya Birla Sun Life Mutual Fund,Open Ended Schemes,Other Scheme - FoF Domestic,132174,Aditya Birla Sun Life Financial Planning Fund - Moderate Plan - Regular Plan - Growth Option,17.98365227272727,4.178010087949379
Aditya Birla Sun Life Mutual Fund,Open Ended Schemes,Other Scheme - FoF Domestic,132178,Aditya Birla Sun life Financial Planning Fund - Conservative Plan - Regular Plan - Growth Option,16.74124318181818,2.980716852908058
Aditya Birla Sun Life Mutual Fund,Open Ended Schemes,Other Scheme - FoF Domestic,132180,Aditya Birla Sun Life Financial Planning Fund - Aggressive Plan - Regular Plan - Growth Option,19.9491,7.0947881695454535
Aditya Birla Sun Life Mutual Fund,Open Ended Schemes,Other Scheme - FoF Domestic,132183,Aditya Birla Sun Life Financial Planning Fund - Conservative Plan - Direct Plan - Growth Option,17.175940909090908,3.673305289690083
Aditya Birla Sun Life Mutual Fund,Open Ended Schemes,Other Scheme - FoF Domestic,132185,Aditya Birla Sun Life Financial Planning Fund - Moderate Plan - Direct Plan - Growth Option,18.426179545454545,5.038047261627065
Aditya Birla Sun Life Mutual Fund,Open Ended Schemes,Other Scheme - FoF Domestic,132186,Aditya Birla Sun Life Financial Planning Fund - Aggressive Plan - Direct Plan - Growth Option,20.59164090909091,8.81842638696281
Franklin Templeton Mutual Fund,Open Ended Schemes,Other Scheme - FoF Domestic,132987,Franklin India Multi - Asset Solution Fund - Growth Plan,11.341386363636364,1.018796242541322
Franklin Templeton Mutual Fund,Open Ended Schemes,Other Scheme - FoF Domestic,132989,Franklin India Multi - Asset Solution Fund - Growth Plan - Direct,11.886175000000001,1.5557017746022723
Aditya Birla Sun Life Mutual Fund,Open Ended Schemes,Hybrid Scheme - Equity Savings,132995,Aditya Birla Sun Life Equity Savings Fund - Direct Plan - Growth,12.613181818181818,2.337830785123967
Aditya Birla Sun Life Mutual Fund,Open Ended Schemes,Hybrid Scheme - Equity Savings,132998,Aditya Birla Sun Life Equity Savings Fund - Regular Plan - Growth,12.187954545454547,1.6353389979338844
Kotak Mahindra Mutual Fund,Open Ended Schemes,Hybrid Scheme - Aggressive Hybrid Fund,133035,Kotak Equity Hybrid - Growth - Direct,23.294954545454548,11.73630604338843
Kotak Mahindra Mutual Fund,Open Ended Schemes,Hybrid Scheme - Aggressive Hybrid Fund,133036,Kotak Equity Hybrid - Growth,21.954568181818182,7.893377654442149
Indiabulls Mutual Fund,Open Ended Schemes,Hybrid Scheme - Arbitrage Fund,133181,Indiabulls Arbitrage Fund - Direct Plan - Growth Option,12.399988636363638,1.7986714710072313
Indiabulls Mutual Fund,Open Ended Schemes,Hybrid Scheme - Arbitrage Fund,133184,Indiabulls Arbitrage Fund - Regular Plan - Growth Option,12.172218181818183,1.4462028696694216
Sundaram Mutual Fund,Close Ended Schemes,ELSS,133322,Sundaram Long Term Tax Advantage Fund Regular Plan Growth,11.801193023255815,2.9371960071606273
Sundaram Mutual Fund,Close Ended Schemes,ELSS,133324,Sundaram Long Term Tax Advantage Fund Direct Plan Growth,11.952746511627907,3.1704659536506217
Nippon India Mutual Fund,Open Ended Schemes,Solution Oriented Scheme - Retirement Fund,133565,Nippon India Retirement Fund- Wealth Creation Scheme- Growth Plan - Growth Option,11.511693023255814,2.7479821773931854
Nippon India Mutual Fund,Open Ended Schemes,Solution Oriented Scheme - Retirement Fund,133568,Nippon India Retirement Fund- Wealth Creation Scheme- Direct Plan- Growth Plan - Growth Option,11.998706976744186,3.483616280648999
Nippon India Mutual Fund,Open Ended Schemes,Solution Oriented Scheme - Retirement Fund,133569,Nippon India Retirement Fund- Income Generation Scheme- Direct Plan- Growth Plan - Growth Option,12.333465116279065,2.5107097064575448
Nippon India Mutual Fund,Open Ended Schemes,Solution Oriented Scheme - Retirement Fund,133572,Nippon India Retirement Fund- Income Generation Scheme-Growth Plan - Growth Option,11.822411627906979,1.6205539284694426
Nippon India Mutual Fund,Open Ended Schemes,Solution Oriented Scheme - Retirement Fund,133628,Nippon India Retirement Fund- Income Generation Scheme- Growth Plan- Bonus Option,11.822439534883722,1.6206645419253654
Nippon India Mutual Fund,Open Ended Schemes,Solution Oriented Scheme - Retirement Fund,133629,Nippon India Retirement Fund- Income Generation Scheme- Direct Plan-Growth Plan- Bonus Option,12.333465116279065,2.5107097064575448
Nippon India Mutual Fund,Open Ended Schemes,Solution Oriented Scheme - Retirement Fund,133630,Nippon India Retirement Fund- Wealth Creation Scheme- Direct Plan-Growth Plan- Bonus Option,11.998706976744186,3.483616469951325
Nippon India Mutual Fund,Open Ended Schemes,Solution Oriented Scheme - Retirement Fund,133631,Nippon India Retirement Fund- Wealth Creation Scheme- Growth Plan- Bonus Option,11.511693023255814,2.7479821773931854
HSBC Mutual Fund,Open Ended Schemes,Other Scheme - FoF Overseas,133713,HSBC Global Consumer Opportunities Fund - Growth,11.69141463414634,3.3712991402736474
HSBC Mutual Fund,Open Ended Schemes,Other Scheme - FoF Overseas,133714,HSBC Global Consumer Opportunities Fund - Growth Direct,11.946836585365853,4.022956664271267
SBI Mutual Fund,Open Ended Schemes,Hybrid Scheme - Dynamic Asset Allocation or Balanced Advantage,134109,SBI Dynamic Asset Allocation Fund - Regular Plan - Growth,11.766588372093024,1.9257815433531635
SBI Mutual Fund,Open Ended Schemes,Hybrid Scheme - Dynamic Asset Allocation or Balanced Advantage,134110,SBI Dynamic Asset Allocation Fund - Direct Plan - Growth,11.995876744186045,2.416417265040562
Nippon India Mutual Fund,Open Ended Schemes,Hybrid Scheme - Equity Savings,134593,Nippon India Equity Savings Fund- Growth Plan- Growth Option,11.302924390243902,1.2856322886734082
Nippon India Mutual Fund,Open Ended Schemes,Hybrid Scheme - Equity Savings,134594,Nippon India Equity Savings Fund- Direct Plan- Growth Plan-Growth Option,11.637114634146343,1.553395956371208
Nippon India Mutual Fund,Open Ended Schemes,Hybrid Scheme - Equity Savings,134595,Nippon India Equity Savings Fund- Direct Plan- Growth Plan- Bonus Option,11.637114634146343,1.553395956371208
Nippon India Mutual Fund,Open Ended Schemes,Hybrid Scheme - Equity Savings,134602,Nippon India Equity Savings Fund- Growth Plan- Bonus Option,11.302919512195123,1.2856242415704933
SBI Mutual Fund,Open Ended Schemes,Hybrid Scheme - Equity Savings,134643,SBI Equity Savings Fund - Direct Plan - Growth,12.415253658536587,2.049183234193932
SBI Mutual Fund,Open Ended Schemes,Hybrid Scheme - Equity Savings,134644,SBI Equity Savings Fund - Regular Plan - Growth,11.894126829268293,1.2902665390362884
Mirae Asset Mutual Fund,Open Ended Schemes,Hybrid Scheme - Aggressive Hybrid Fund,134813,Mirae Asset Hybrid-Equity Fund -Direct Plan-Growth,13.389999999999999,5.25305441025641
Mirae Asset Mutual Fund,Open Ended Schemes,Hybrid Scheme - Aggressive Hybrid Fund,134815,Mirae Asset Hybrid-Equity Fund -Regular Plan-Growth,12.742692307692305,3.624590366863906
Axis Mutual Fund,Open Ended Schemes,Hybrid Scheme - Equity Savings,135120,Axis Equity Saver Fund - Direct Plan - Growth,11.981282051282054,1.9876111768573315
Axis Mutual Fund,Open Ended Schemes,Hybrid Scheme - Equity Savings,135122,Axis Equity Saver Fund - Regular Plan - Growth,11.59897435897436,1.3901630506245894
UTI Mutual Fund,IL&FS Mutual Fund,IDF,135301,UTI Dual Advantage Fixed Term Fund Series II-I (1998 Days) - Regular Plan - Growth Option,11.838097435897435,0.9257823679421434
UTI Mutual Fund,IL&FS Mutual Fund,IDF,135302,UTI Dual Advantage Fixed Term Fund Series II-I (1998 Days) - Direct Plan - Growth Option,12.358623076923076,1.5054762556213017
UTI Mutual Fund,IL&FS Mutual Fund,IDF,135359,UTI Dual Advantage Fixed Term Fund Series II-II (1997 Days) - Direct Plan- Growth Option,12.110115789473685,1.0763356144875342
UTI Mutual Fund,IL&FS Mutual Fund,IDF,135360,UTI Dual Advantage Fixed Term Fund Series II-II (1997 Days) - Regular Plan - Growth Option,11.77875,0.8026799503947367
Sundaram Mutual Fund,Close Ended Schemes,Growth,135490,Sundaram Select Micro Cap Series VIII  Direct Plan Growth,13.001343243243245,5.967018673805696
Sundaram Mutual Fund,Close Ended Schemes,Growth,135492,Sundaram Select Micro Cap Series VIII  Regular Plan Growth,12.75384594594595,5.773857747888969
UTI Mutual Fund,IL&FS Mutual Fund,IDF,135511,UTI Dual Advantage Fixed Term Fund Series II-III (1998 Days) - Regular Plan - Growth Option,12.341370270270271,1.3977122939810085
UTI Mutual Fund,IL&FS Mutual Fund,IDF,135513,UTI Dual Advantage Fixed Term Fund Series II-III (1998 Days) - Direct Plan - Growth Option,12.73095135135135,1.91117837871439
Sundaram Mutual Fund,Close Ended Schemes,Growth,135567,Sundaram Select Micro Cap Series IX-Direct Plan Growth,12.943854054054055,5.953859410051132
Sundaram Mutual Fund,Close Ended Schemes,Growth,135569,Sundaram Select Micro Cap Series IX - Regular Plan - Growth,12.702,5.763241905405406
Sundaram Mutual Fund,Close Ended Schemes,ELSS,135682,SUNDARAM LONG TERM TAX ADVANTAGE SERIES II DIRECT PLAN GROWTH,13.6577,1.9930685430303035
Sundaram Mutual Fund,Close Ended Schemes,ELSS,135684,SUNDARAM LONG TERM TAX ADVANTAGE SERIES II REGULAR PLAN GROWTH,13.49498787878788,1.8223708065197433
Indiabulls Mutual Fund,Open Ended Schemes,Hybrid Scheme - Conservative Hybrid Fund,135689,Indiabulls Savings Income Fund-Direct Plan-Growth Option,12.750729729729729,2.7427193972242505
Indiabulls Mutual Fund,Open Ended Schemes,Hybrid Scheme - Conservative Hybrid Fund,135692,Indiabulls Savings Income Fund-Regular Plan-Growth Option,12.3013,1.8680542821621622
Principal Mutual Fund,Open Ended Schemes,Solution Oriented Scheme - Retirement Fund,135749,Principal Retirement Savings Fund - Progressive Plan - Direct Sub-Plan - Growth,12.499683783783784,2.2279673229802768
Principal Mutual Fund,Open Ended Schemes,Solution Oriented Scheme - Retirement Fund,135750,Principal Retirement Savings Fund - Progressive Plan - Regular Sub - Plan - Growth,12.306548648648649,2.0018739776333097
Principal Mutual Fund,Open Ended Schemes,Solution Oriented Scheme - Retirement Fund,135751,Principal Retirement Savings Fund - Conservative Plan - Direct Sub-Plan - Growth,11.770094594594593,0.7538120621329438
Principal Mutual Fund,Open Ended Schemes,Solution Oriented Scheme - Retirement Fund,135752,Principal Retirement Savings Fund- Conservative Plan - Regular Sub-Plan - Growth,11.642394594594593,0.6332869702410517
Principal Mutual Fund,Open Ended Schemes,Solution Oriented Scheme - Retirement Fund,135753,Principal Retirement Savings Fund - Moderate Plan - Direct Sub-Plan - Growth,11.984162162162164,1.1798803693791093
Principal Mutual Fund,Open Ended Schemes,Solution Oriented Scheme - Retirement Fund,135754,Principal Retirement Savings Fund - Moderate Plan - Regular Sub-Plan - Growth,11.792389189189189,0.9765567117750183
Axis Mutual Fund,Open Ended Schemes,Solution Oriented Scheme - Children’s Fund,135759,Axis Children's Gift Fund - Lock in - Regular Growth,12.021197297297299,1.6979809137764794
Axis Mutual Fund,Open Ended Schemes,Solution Oriented Scheme - Children’s Fund,135762,Axis Children's Gift Fund - Lock in - Direct Growth,12.50405945945946,2.523920488897005
Axis Mutual Fund,Open Ended Schemes,Solution Oriented Scheme - Children’s Fund,135764,Axis Children's Gift Fund - No Lock in - Direct Growth,12.589856756756756,2.653401091643535
Axis Mutual Fund,Open Ended Schemes,Solution Oriented Scheme - Children’s Fund,135766,Axis Children's Gift Fund - No Lock in - Regular Plan - Growth,12.02009189189189,1.6968606850693937
Sundaram Mutual Fund,Close Ended Schemes,Growth,135772,SUNDARAM SELECT MICRO CAP SERIES X - DIRECT PLAN - GROWTH,12.791359459459459,5.963340807275383
Sundaram Mutual Fund,Close Ended Schemes,Growth,135774,SUNDARAM SELECT MICRO CAP SERIES X - REGULAR PLAN - GROWTH,12.577764864864864,5.79195242552228
HDFC Mutual Fund,Open Ended Schemes,Other Scheme - Other  ETFs,135853,HDFC Nifty 50 ETF - Growth Option,1019.0389189189187,24411.94375558802
HDFC Mutual Fund,Open Ended Schemes,Other Scheme - Other  ETFs,135854,HDFC Sensex ETF - Growth option,3382.8248648648655,307296.1964844412
UTI Mutual Fund,IL&FS Mutual Fund,IDF,135860,UTI - Dual Advantage Fixed Term Series II-IV (1997 Days) - Regular Plan - Growth Option,12.242694444444444,1.1639199577469135
UTI Mutual Fund,IL&FS Mutual Fund,IDF,135863,UTI - Dual Advantage Fixed Term Series II-IV (1997 Days) - Direct Plan - Growth Option,12.764666666666665,1.8553087238888892
UTI Mutual Fund,Close Ended Schemes,ELSS,135962,UTI Long Term Advantage Fund Series III - Direct Plan - Growth Option,13.292854545454546,2.760009821873278
UTI Mutual Fund,Close Ended Schemes,ELSS,135964,UTI Long Term Advantage Fund Series III - Regular Plan - Growth Option,12.790675757575759,2.3561270285032148
Sundaram Mutual Fund,Close Ended Schemes,Growth,136086,Sundaram Value Fund Series III Regular Plan Growth,14.883762857142857,4.11517872004898
Sundaram Mutual Fund,Close Ended Schemes,Growth,136088,Sundaram Value Fund Series  Direct Plan Growth,15.093222857142857,4.550697458334694
UTI Mutual Fund,IL&FS Mutual Fund,IDF,136122,UTI - Dual Advantage Fixed Term Series II-V (1997 Days) - Regular Plan - Growth Option,11.831157142857142,0.5326670984489794
UTI Mutual Fund,IL&FS Mutual Fund,IDF,136124,UTI - Dual Advantage Fixed Term Series II-V (1997 Days) - Direct Plan - Growth Option,12.299085714285715,0.8663546743673466
Sundaram Mutual Fund,IL&FS Mutual Fund,IDF,136332,SUNDARAM CAPITAL PROTECTION ORIENTED FUND - 5 YEARS - SERIES 7 - DIRECT PLAN - GROWTH,12.095661764705882,1.1187841758910035
Sundaram Mutual Fund,IL&FS Mutual Fund,IDF,136334,SUNDARAM CAPITAL PROTECTION ORIENTED FUND - 5 YEARS - SERIES 7 - REGULAR PLAN - GROWTH OPTION,11.985361764705882,0.9955060500086503
UTI Mutual Fund,IL&FS Mutual Fund,IDF,136419,UTI - Dual Advantage Fixed Term Series III-I (1998 Days) - Direct Plan - Growth Option,12.427852941176472,0.9220426060207612
UTI Mutual Fund,IL&FS Mutual Fund,IDF,136420,UTI - Dual Advantage Fixed Term Series III-I (1998 Days) - Regular Plan - Growth Option,11.959982352941175,0.5572296632179929
DSP Mutual Fund,Open Ended Schemes,Hybrid Scheme - Equity Savings,136563,DSP Equity Savings Fund - Regular Plan - Growth,11.970575757575757,0.5586518200183654
DSP Mutual Fund,Open Ended Schemes,Hybrid Scheme - Equity Savings,136567,DSP Equity Savings Fund - Direct Plan - Growth,12.369333333333332,0.9009681010101012
PGIM India Mutual Fund,Open Ended Schemes,Hybrid Scheme - Equity Savings,138372,PGIM India Equity Savings Fund - Growth Option,29.75310588235294,4.449436109965397
PGIM India Mutual Fund,Open Ended Schemes,Hybrid Scheme - Equity Savings,138376,PGIM India Equity Savings Fund - Direct Plan - Growth,31.47167941176471,7.086239201046715
PGIM India Mutual Fund,Open Ended Schemes,Hybrid Scheme - Aggressive Hybrid Fund,138382,PGIM India Hybrid Equity Fund - Growth Option,63.71794117647058,22.658575173010387
PGIM India Mutual Fund,Open Ended Schemes,Hybrid Scheme - Aggressive Hybrid Fund,138386,PGIM India Hybrid Equity Fund - Direct Plan - Growth,68.09411764705882,33.53653598615917
